TIER,COUNTY,GEOID,POLLUTANT,POLLUTANT TYPE,EMISSIONS,UNIT OF MEASURE
Off-Highway,Fairfax,51059,Carbon Monoxide,CAP,44844.93334,TON
Off-Highway,Loudoun,51107,Carbon Monoxide,CAP,25009.89655,TON
Off-Highway,Virginia Beach city,51810,Carbon Monoxide,CAP,19032.89389,TON
Off-Highway,Frederick,51069,Carbon Monoxide,CAP,14618.48678,TON
Off-Highway,Prince William,51153,Carbon Monoxide,CAP,12044.99428,TON
Off-Highway,Chesapeake city,51550,Carbon Monoxide,CAP,9795.034671,TON
Off-Highway,Norfolk city,51710,Carbon Monoxide,CAP,9735.813086,TON
Off-Highway,Arlington,51013,Carbon Monoxide,CAP,8651.221961,TON
Off-Highway,Hanover,51085,Carbon Monoxide,CAP,8513.864069,TON
Off-Highway,Henrico,51087,Carbon Monoxide,CAP,8038.268169,TON
Off-Highway,Chesterfield,51041,Carbon Monoxide,CAP,7849.767386,TON
Off-Highway,Accomack,51001,Carbon Monoxide,CAP,7569.061349,TON
Off-Highway,Richmond city,51760,Carbon Monoxide,CAP,6916.088553,TON
Off-Highway,Newport News city,51700,Carbon Monoxide,CAP,6472.893691,TON
Off-Highway,Northampton,51131,Carbon Monoxide,CAP,5930.374325,TON
Off-Highway,York,51199,Carbon Monoxide,CAP,5488.069393,TON
Off-Highway,Mecklenburg,51117,Carbon Monoxide,CAP,4691.224911,TON
Off-Highway,Norfolk city,51710,Nitrogen Oxides,CAP,4273.527098,TON
Off-Highway,Albemarle,51003,Carbon Monoxide,CAP,3927.232882,TON
Off-Highway,Alexandria city,51510,Carbon Monoxide,CAP,3737.893278,TON
Off-Highway,Hampton city,51650,Carbon Monoxide,CAP,3557.054692,TON
Off-Highway,Virginia Beach city,51810,Volatile Organic Compounds,CAP,3425.278263,TON
Off-Highway,Newport News city,51700,Nitrogen Oxides,CAP,3413.351512,TON
Off-Highway,Loudoun,51107,Nitrogen Oxides,CAP,3208.607451,TON
Off-Highway,Virginia Beach city,51810,Nitrogen Oxides,CAP,3192.607346,TON
Off-Highway,Roanoke city,51770,Carbon Monoxide,CAP,3032.903083,TON
Off-Highway,Fairfax,51059,Volatile Organic Compounds,CAP,2873.531294,TON
Off-Highway,Bedford,51019,Carbon Monoxide,CAP,2837.771571,TON
Off-Highway,James city,51095,Carbon Monoxide,CAP,2712.288563,TON
Off-Highway,Stafford,51179,Carbon Monoxide,CAP,2698.569121,TON
Off-Highway,Campbell,51031,Carbon Monoxide,CAP,2615.440479,TON
Off-Highway,Fairfax,51059,Nitrogen Oxides,CAP,2592.663438,TON
Off-Highway,Montgomery,51121,Carbon Monoxide,CAP,2530.303325,TON
Off-Highway,Fauquier,51061,Carbon Monoxide,CAP,2524.385048,TON
Off-Highway,Spotsylvania,51177,Carbon Monoxide,CAP,2362.203686,TON
Off-Highway,Northampton,51131,Nitrogen Oxides,CAP,2339.399708,TON
Off-Highway,Suffolk city,51800,Carbon Monoxide,CAP,2264.831338,TON
Off-Highway,Augusta,51015,Carbon Monoxide,CAP,2247.526589,TON
Off-Highway,Gloucester,51073,Carbon Monoxide,CAP,2234.360225,TON
Off-Highway,Arlington,51013,Nitrogen Oxides,CAP,2127.261025,TON
Off-Highway,Roanoke,51161,Carbon Monoxide,CAP,2111.404109,TON
Off-Highway,Portsmouth city,51740,Carbon Monoxide,CAP,2110.461007,TON
Off-Highway,Lynchburg city,51680,Carbon Monoxide,CAP,2085.225923,TON
Off-Highway,Franklin,51067,Carbon Monoxide,CAP,1959.867184,TON
Off-Highway,Page,51139,Carbon Monoxide,CAP,1849.546758,TON
Off-Highway,Culpeper,51047,Carbon Monoxide,CAP,1795.895176,TON
Off-Highway,Loudoun,51107,Volatile Organic Compounds,CAP,1789.467614,TON
Off-Highway,Rockingham,51165,Carbon Monoxide,CAP,1761.795438,TON
Off-Highway,Washington,51191,Carbon Monoxide,CAP,1708.119596,TON
Off-Highway,Pittsylvania,51143,Carbon Monoxide,CAP,1652.018976,TON
Off-Highway,York,51199,Nitrogen Oxides,CAP,1623.942259,TON
Off-Highway,Salem city,51775,Carbon Monoxide,CAP,1582.576535,TON
Off-Highway,Northumberland,51133,Carbon Monoxide,CAP,1570.698796,TON
Off-Highway,Accomack,51001,Nitrogen Oxides,CAP,1569.479754,TON
Off-Highway,Fairfax city,51600,Carbon Monoxide,CAP,1564.840788,TON
Off-Highway,Henry,51089,Carbon Monoxide,CAP,1542.445113,TON
Off-Highway,Lancaster,51103,Carbon Monoxide,CAP,1525.307812,TON
Off-Highway,Isle of Wight,51093,Carbon Monoxide,CAP,1524.470305,TON
Off-Highway,Accomack,51001,Volatile Organic Compounds,CAP,1513.871377,TON
Off-Highway,Pulaski,51155,Carbon Monoxide,CAP,1500.925676,TON
Off-Highway,Norfolk city,51710,Volatile Organic Compounds,CAP,1488.08686,TON
Off-Highway,Chesapeake city,51550,Volatile Organic Compounds,CAP,1475.586341,TON
Off-Highway,Charlottesville city,51540,Carbon Monoxide,CAP,1461.678338,TON
Off-Highway,Harrisonburg city,51660,Carbon Monoxide,CAP,1454.524527,TON
Off-Highway,Portsmouth city,51740,Nitrogen Oxides,CAP,1394.664162,TON
Off-Highway,Danville city,51590,Carbon Monoxide,CAP,1374.067548,TON
Off-Highway,Northampton,51131,Volatile Organic Compounds,CAP,1340.993691,TON
Off-Highway,Louisa,51109,Carbon Monoxide,CAP,1337.642014,TON
Off-Highway,Mathews,51115,Carbon Monoxide,CAP,1303.031822,TON
Off-Highway,Botetourt,51023,Carbon Monoxide,CAP,1286.34474,TON
Off-Highway,Halifax,51083,Carbon Monoxide,CAP,1259.267093,TON
Off-Highway,Chesapeake city,51550,Nitrogen Oxides,CAP,1209.920564,TON
Off-Highway,Falls Church city,51610,Carbon Monoxide,CAP,1146.750504,TON
Off-Highway,Dinwiddie,51053,Carbon Monoxide,CAP,1132.988732,TON
Off-Highway,Goochland,51075,Carbon Monoxide,CAP,1099.444824,TON
Off-Highway,New Kent,51127,Carbon Monoxide,CAP,1094.330677,TON
Off-Highway,Newport News city,51700,Volatile Organic Compounds,CAP,1071.357284,TON
Off-Highway,Manassas city,51683,Carbon Monoxide,CAP,1069.961476,TON
Off-Highway,Prince George,51149,Carbon Monoxide,CAP,1041.506408,TON
Off-Highway,Henrico,51087,Nitrogen Oxides,CAP,1039.358062,TON
Off-Highway,Powhatan,51145,Carbon Monoxide,CAP,1026.467472,TON
Off-Highway,Warren,51187,Carbon Monoxide,CAP,1007.060499,TON
Off-Highway,Nelson,51125,Carbon Monoxide,CAP,988.1214184,TON
Off-Highway,Frederick,51069,Volatile Organic Compounds,CAP,969.759147,TON
Off-Highway,Shenandoah,51171,Carbon Monoxide,CAP,961.2700601,TON
Off-Highway,Hampton city,51650,Nitrogen Oxides,CAP,956.3257591,TON
Off-Highway,Westmoreland,51193,Carbon Monoxide,CAP,934.9231474,TON
Off-Highway,Tazewell,51185,Carbon Monoxide,CAP,919.375544,TON
Off-Highway,Manassas Park city,51685,Carbon Monoxide,CAP,902.7742222,TON
Off-Highway,King and Queen,51097,Carbon Monoxide,CAP,889.9009166,TON
Off-Highway,Middlesex,51119,Carbon Monoxide,CAP,881.8230504,TON
Off-Highway,Poquoson city,51735,Carbon Monoxide,CAP,861.848705,TON
Off-Highway,Waynesboro city,51820,Carbon Monoxide,CAP,846.7832897,TON
Off-Highway,Prince William,51153,Volatile Organic Compounds,CAP,825.5985835,TON
Off-Highway,Hampton city,51650,Volatile Organic Compounds,CAP,823.2042037,TON
Off-Highway,Staunton city,51790,Carbon Monoxide,CAP,820.8618775,TON
Off-Highway,Arlington,51013,Volatile Organic Compounds,CAP,790.7122533,TON
Off-Highway,Clarke,51043,Carbon Monoxide,CAP,790.0900854,TON
Off-Highway,Rockbridge,51163,Carbon Monoxide,CAP,784.7379568,TON
Off-Highway,Prince William,51153,Nitrogen Oxides,CAP,783.6822872,TON
Off-Highway,Essex,51057,Carbon Monoxide,CAP,766.7329538,TON
Off-Highway,Richmond,51159,Carbon Monoxide,CAP,759.7883677,TON
Off-Highway,Hopewell city,51670,Carbon Monoxide,CAP,759.060563,TON
Off-Highway,Charles city,51036,Carbon Monoxide,CAP,751.4467563,TON
Off-Highway,Chesterfield,51041,Nitrogen Oxides,CAP,736.9702578,TON
Off-Highway,Bedford,51019,Nitrogen Oxides,CAP,735.8460439,TON
Off-Highway,Lee,51105,Carbon Monoxide,CAP,729.1918672,TON
Off-Highway,Fluvanna,51065,Carbon Monoxide,CAP,721.9411846,TON
Off-Highway,Smyth,51173,Carbon Monoxide,CAP,720.3712214,TON
Off-Highway,Wise,51195,Carbon Monoxide,CAP,718.8211746,TON
Off-Highway,Wythe,51197,Carbon Monoxide,CAP,706.9216136,TON
Off-Highway,Orange,51137,Carbon Monoxide,CAP,702.5797918,TON
Off-Highway,Caroline,51033,Carbon Monoxide,CAP,677.0302304,TON
Off-Highway,Buckingham,51029,Carbon Monoxide,CAP,674.0219865,TON
Off-Highway,Surry,51181,Carbon Monoxide,CAP,668.0322867,TON
Off-Highway,Carroll,51035,Carbon Monoxide,CAP,646.3946958,TON
Off-Highway,Amelia,51007,Carbon Monoxide,CAP,640.3365647,TON
Off-Highway,Fredericksburg city,51630,Carbon Monoxide,CAP,638.9897587,TON
Off-Highway,Richmond city,51760,Nitrogen Oxides,CAP,637.8895977,TON
Off-Highway,Amherst,51009,Carbon Monoxide,CAP,618.7107187,TON
Off-Highway,Southampton,51175,Carbon Monoxide,CAP,613.179111,TON
Off-Highway,Patrick,51141,Carbon Monoxide,CAP,587.2724131,TON
Off-Highway,Williamsburg city,51830,Carbon Monoxide,CAP,587.2528675,TON
Off-Highway,Winchester city,51840,Carbon Monoxide,CAP,586.2896649,TON
Off-Highway,King William,51101,Carbon Monoxide,CAP,581.6361215,TON
Off-Highway,Mecklenburg,51117,Volatile Organic Compounds,CAP,567.5807714,TON
Off-Highway,Greene,51079,Carbon Monoxide,CAP,565.7118038,TON
Off-Highway,Bristol city,51520,Carbon Monoxide,CAP,565.3657189,TON
Off-Highway,Petersburg city,51730,Carbon Monoxide,CAP,536.6908209,TON
Off-Highway,Henrico,51087,Volatile Organic Compounds,CAP,535.0818324,TON
Off-Highway,Appomattox,51011,Carbon Monoxide,CAP,532.3578358,TON
Off-Highway,Chesterfield,51041,Volatile Organic Compounds,CAP,525.8702851,TON
Off-Highway,Russell,51167,Carbon Monoxide,CAP,524.7187121,TON
Off-Highway,King George,51099,Carbon Monoxide,CAP,516.5667882,TON
Off-Highway,Hanover,51085,Nitrogen Oxides,CAP,515.7087013,TON
Off-Highway,Hanover,51085,Volatile Organic Compounds,CAP,514.2889595,TON
Off-Highway,York,51199,Volatile Organic Compounds,CAP,512.8795088,TON
Off-Highway,Pittsylvania,51143,Nitrogen Oxides,CAP,512.7924836,TON
Off-Highway,Nottoway,51135,Carbon Monoxide,CAP,506.6042278,TON
Off-Highway,Montgomery,51121,Nitrogen Oxides,CAP,505.3233274,TON
Off-Highway,Stafford,51179,Nitrogen Oxides,CAP,503.2688743,TON
Off-Highway,Buchanan,51027,Carbon Monoxide,CAP,497.16087,TON
Off-Highway,Scott,51169,Carbon Monoxide,CAP,490.8862675,TON
Off-Highway,Roanoke city,51770,Nitrogen Oxides,CAP,484.8071933,TON
Off-Highway,Frederick,51069,Nitrogen Oxides,CAP,482.1449665,TON
Off-Highway,Alleghany,51005,Carbon Monoxide,CAP,456.6907046,TON
Off-Highway,Martinsville city,51690,Carbon Monoxide,CAP,455.8359523,TON
Off-Highway,James city,51095,Nitrogen Oxides,CAP,454.9016352,TON
Off-Highway,Grayson,51077,Carbon Monoxide,CAP,446.7493897,TON
Off-Highway,Botetourt,51023,Nitrogen Oxides,CAP,436.336533,TON
Off-Highway,Lynchburg city,51680,Nitrogen Oxides,CAP,432.8363149,TON
Off-Highway,Campbell,51031,Nitrogen Oxides,CAP,432.2948402,TON
Off-Highway,Rockingham,51165,Nitrogen Oxides,CAP,425.3993317,TON
Off-Highway,Albemarle,51003,Nitrogen Oxides,CAP,425.1056502,TON
Off-Highway,Covington city,51580,Carbon Monoxide,CAP,418.775429,TON
Off-Highway,Dinwiddie,51053,Nitrogen Oxides,CAP,405.4010675,TON
Off-Highway,Prince Edward,51147,Carbon Monoxide,CAP,401.3747563,TON
Off-Highway,Madison,51113,Carbon Monoxide,CAP,399.2667827,TON
Off-Highway,Giles,51071,Carbon Monoxide,CAP,390.1441587,TON
Off-Highway,Richmond city,51760,Volatile Organic Compounds,CAP,387.9418855,TON
Off-Highway,Gloucester,51073,Volatile Organic Compounds,CAP,384.3844721,TON
Off-Highway,Bath,51017,Carbon Monoxide,CAP,379.0439283,TON
Off-Highway,Dickenson,51051,Carbon Monoxide,CAP,369.7881593,TON
Off-Highway,Suffolk city,51800,Nitrogen Oxides,CAP,366.4375082,TON
Off-Highway,Greensville,51081,Carbon Monoxide,CAP,353.4075209,TON
Off-Highway,Fairfax,51059,PM10 Primary (Filt + Cond),CAP,352.2279667,TON
Off-Highway,Giles,51071,Nitrogen Oxides,CAP,351.7252559,TON
Off-Highway,James city,51095,Volatile Organic Compounds,CAP,350.96956,TON
Off-Highway,Charlotte,51037,Carbon Monoxide,CAP,350.9455599,TON
Off-Highway,Colonial Heights city,51570,Carbon Monoxide,CAP,346.4899296,TON
Off-Highway,Brunswick,51025,Carbon Monoxide,CAP,346.4799724,TON
Off-Highway,Alexandria city,51510,Nitrogen Oxides,CAP,344.0169772,TON
Off-Highway,Fairfax,51059,PM2.5 Primary (Filt + Cond),CAP,332.3908159,TON
Off-Highway,Augusta,51015,Nitrogen Oxides,CAP,331.9119352,TON
Off-Highway,Albemarle,51003,Volatile Organic Compounds,CAP,328.7644768,TON
Off-Highway,Lunenburg,51111,Carbon Monoxide,CAP,328.1713056,TON
Off-Highway,Sussex,51183,Carbon Monoxide,CAP,311.7910774,TON
Off-Highway,Goochland,51075,Nitrogen Oxides,CAP,303.86984,TON
Off-Highway,Galax city,51640,Carbon Monoxide,CAP,299.4038822,TON
Off-Highway,Northumberland,51133,Volatile Organic Compounds,CAP,297.3955991,TON
Off-Highway,Bedford,51019,Volatile Organic Compounds,CAP,292.0708076,TON
Off-Highway,Radford city,51750,Carbon Monoxide,CAP,289.4594799,TON
Off-Highway,Roanoke,51161,Nitrogen Oxides,CAP,287.3394562,TON
Off-Highway,Floyd,51063,Carbon Monoxide,CAP,285.7069386,TON
Off-Highway,Loudoun,51107,Sulfur Dioxide,CAP,284.9720985,TON
Off-Highway,Caroline,51033,Nitrogen Oxides,CAP,280.2483682,TON
Off-Highway,Mathews,51115,Nitrogen Oxides,CAP,276.9577117,TON
Off-Highway,Isle of Wight,51093,Nitrogen Oxides,CAP,276.1126851,TON
Off-Highway,Sussex,51183,Nitrogen Oxides,CAP,264.4121276,TON
Off-Highway,Stafford,51179,Volatile Organic Compounds,CAP,262.080141,TON
Off-Highway,Arlington,51013,Sulfur Dioxide,CAP,260.8202698,TON
Off-Highway,Gloucester,51073,Nitrogen Oxides,CAP,252.3849077,TON
Off-Highway,Spotsylvania,51177,Nitrogen Oxides,CAP,248.5643389,TON
Off-Highway,Cumberland,51049,Carbon Monoxide,CAP,247.1557671,TON
Off-Highway,Fauquier,51061,Nitrogen Oxides,CAP,243.4091671,TON
Off-Highway,Portsmouth city,51740,Volatile Organic Compounds,CAP,243.1173342,TON
Off-Highway,Mathews,51115,Volatile Organic Compounds,CAP,242.3160249,TON
Off-Highway,Nottoway,51135,Nitrogen Oxides,CAP,241.120813,TON
Off-Highway,Suffolk city,51800,Volatile Organic Compounds,CAP,239.1250685,TON
Off-Highway,Mecklenburg,51117,Nitrogen Oxides,CAP,237.9676169,TON
Off-Highway,Alexandria city,51510,Volatile Organic Compounds,CAP,234.0059007,TON
Off-Highway,Nelson,51125,Nitrogen Oxides,CAP,232.0159182,TON
Off-Highway,Surry,51181,Nitrogen Oxides,CAP,230.4218872,TON
Off-Highway,Rockbridge,51163,Nitrogen Oxides,CAP,229.3971117,TON
Off-Highway,Franklin,51067,Volatile Organic Compounds,CAP,229.1858792,TON
Off-Highway,Alleghany,51005,Nitrogen Oxides,CAP,224.4983393,TON
Off-Highway,Spotsylvania,51177,Volatile Organic Compounds,CAP,224.4171798,TON
Off-Highway,Norfolk city,51710,Sulfur Dioxide,CAP,222.1210253,TON
Off-Highway,Prince George,51149,Nitrogen Oxides,CAP,221.2309112,TON
Off-Highway,Lancaster,51103,Volatile Organic Compounds,CAP,220.144142,TON
Off-Highway,Loudoun,51107,PM10 Primary (Filt + Cond),CAP,217.0302003,TON
Off-Highway,Pulaski,51155,Nitrogen Oxides,CAP,214.4139314,TON
Off-Highway,Prince Edward,51147,Nitrogen Oxides,CAP,213.0029049,TON
Off-Highway,Page,51139,Nitrogen Oxides,CAP,209.8215217,TON
Off-Highway,Northumberland,51133,Nitrogen Oxides,CAP,209.0159602,TON
Off-Highway,Franklin,51067,Nitrogen Oxides,CAP,204.5296453,TON
Off-Highway,Loudoun,51107,PM2.5 Primary (Filt + Cond),CAP,204.0616816,TON
Off-Highway,Montgomery,51121,Volatile Organic Compounds,CAP,200.6298181,TON
Off-Highway,Amherst,51009,Nitrogen Oxides,CAP,199.4732005,TON
Off-Highway,Culpeper,51047,Nitrogen Oxides,CAP,198.1498035,TON
Off-Highway,Poquoson city,51735,Nitrogen Oxides,CAP,194.2458419,TON
Off-Highway,Roanoke city,51770,Volatile Organic Compounds,CAP,192.7140457,TON
Off-Highway,Newport News city,51700,Sulfur Dioxide,CAP,192.6999549,TON
Off-Highway,Halifax,51083,Nitrogen Oxides,CAP,189.1935352,TON
Off-Highway,Campbell,51031,Volatile Organic Compounds,CAP,188.1724923,TON
Off-Highway,Covington city,51580,Nitrogen Oxides,CAP,188.0161945,TON
Off-Highway,Norfolk city,51710,PM10 Primary (Filt + Cond),CAP,187.3502845,TON
Off-Highway,Fauquier,51061,Volatile Organic Compounds,CAP,186.161409,TON
Off-Highway,Norfolk city,51710,PM2.5 Primary (Filt + Cond),CAP,179.7540783,TON
Off-Highway,Falls Church city,51610,Nitrogen Oxides,CAP,179.1327492,TON
Off-Highway,Salem city,51775,Nitrogen Oxides,CAP,178.9693981,TON
Off-Highway,Isle of Wight,51093,Volatile Organic Compounds,CAP,177.3224327,TON
Off-Highway,Rappahannock,51157,Carbon Monoxide,CAP,175.4509036,TON
Off-Highway,Louisa,51109,Volatile Organic Compounds,CAP,175.4384792,TON
Off-Highway,Newport News city,51700,PM10 Primary (Filt + Cond),CAP,175.2811243,TON
Off-Highway,Appomattox,51011,Nitrogen Oxides,CAP,173.2493912,TON
Off-Highway,Pulaski,51155,Volatile Organic Compounds,CAP,172.8015274,TON
Off-Highway,Westmoreland,51193,Volatile Organic Compounds,CAP,171.3598272,TON
Off-Highway,Tazewell,51185,Nitrogen Oxides,CAP,170.3173157,TON
Off-Highway,Prince George,51149,Volatile Organic Compounds,CAP,170.2758068,TON
Off-Highway,Virginia Beach city,51810,PM10 Primary (Filt + Cond),CAP,169.3762461,TON
Off-Highway,Newport News city,51700,PM2.5 Primary (Filt + Cond),CAP,167.8930282,TON
Off-Highway,Franklin city,51620,Carbon Monoxide,CAP,167.1294009,TON
Off-Highway,Washington,51191,Nitrogen Oxides,CAP,166.6925759,TON
Off-Highway,Rockingham,51165,Volatile Organic Compounds,CAP,164.0073004,TON
Off-Highway,Southampton,51175,Nitrogen Oxides,CAP,163.7909079,TON
Off-Highway,Virginia Beach city,51810,PM2.5 Primary (Filt + Cond),CAP,161.4443334,TON
Off-Highway,New Kent,51127,Volatile Organic Compounds,CAP,160.9057381,TON
Off-Highway,Pittsylvania,51143,Volatile Organic Compounds,CAP,159.8397144,TON
Off-Highway,Augusta,51015,Volatile Organic Compounds,CAP,158.2236891,TON
Off-Highway,Warren,51187,Nitrogen Oxides,CAP,157.8894016,TON
Off-Highway,Fluvanna,51065,Nitrogen Oxides,CAP,157.3890938,TON
Off-Highway,Page,51139,Volatile Organic Compounds,CAP,156.9012082,TON
Off-Highway,Charles city,51036,Volatile Organic Compounds,CAP,149.4607231,TON
Off-Highway,Richmond,51159,Volatile Organic Compounds,CAP,148.4159693,TON
Off-Highway,Dinwiddie,51053,Volatile Organic Compounds,CAP,148.3667801,TON
Off-Highway,Danville city,51590,Nitrogen Oxides,CAP,148.2780633,TON
Off-Highway,Clarke,51043,Nitrogen Oxides,CAP,145.3241885,TON
Off-Highway,Essex,51057,Volatile Organic Compounds,CAP,144.319733,TON
Off-Highway,Henry,51089,Nitrogen Oxides,CAP,144.2586848,TON
Off-Highway,Wythe,51197,Nitrogen Oxides,CAP,143.7649672,TON
Off-Highway,King George,51099,Nitrogen Oxides,CAP,142.2589106,TON
Off-Highway,Charlotte,51037,Nitrogen Oxides,CAP,140.4722129,TON
Off-Highway,Charlottesville city,51540,Nitrogen Oxides,CAP,139.9086795,TON
Off-Highway,Halifax,51083,Volatile Organic Compounds,CAP,139.8726694,TON
Off-Highway,Greensville,51081,Nitrogen Oxides,CAP,139.8341695,TON
Off-Highway,Surry,51181,Volatile Organic Compounds,CAP,138.8170118,TON
Off-Highway,Norton city,51720,Carbon Monoxide,CAP,138.5780946,TON
Off-Highway,Buchanan,51027,Nitrogen Oxides,CAP,138.3689509,TON
Off-Highway,Middlesex,51119,Volatile Organic Compounds,CAP,138.154677,TON
Off-Highway,Middlesex,51119,Nitrogen Oxides,CAP,137.8622185,TON
Off-Highway,Louisa,51109,Nitrogen Oxides,CAP,136.6978962,TON
Off-Highway,Culpeper,51047,Volatile Organic Compounds,CAP,135.6817949,TON
Off-Highway,Roanoke,51161,Volatile Organic Compounds,CAP,134.7470862,TON
Off-Highway,Lynchburg city,51680,Volatile Organic Compounds,CAP,131.6210081,TON
Off-Highway,Lancaster,51103,Nitrogen Oxides,CAP,131.5524297,TON
Off-Highway,Orange,51137,Nitrogen Oxides,CAP,130.5768411,TON
Off-Highway,Smyth,51173,Nitrogen Oxides,CAP,130.4760023,TON
Off-Highway,Wise,51195,Nitrogen Oxides,CAP,130.1820387,TON
Off-Highway,King and Queen,51097,Volatile Organic Compounds,CAP,128.1929858,TON
Off-Highway,Petersburg city,51730,Nitrogen Oxides,CAP,127.9868026,TON
Off-Highway,Rockbridge,51163,Volatile Organic Compounds,CAP,127.0206438,TON
Off-Highway,Washington,51191,Volatile Organic Compounds,CAP,126.9225552,TON
Off-Highway,Craig,51045,Carbon Monoxide,CAP,124.6577227,TON
Off-Highway,Russell,51167,Nitrogen Oxides,CAP,121.8071532,TON
Off-Highway,Charlottesville city,51540,Volatile Organic Compounds,CAP,121.5208976,TON
Off-Highway,New Kent,51127,Nitrogen Oxides,CAP,121.4058892,TON
Off-Highway,Goochland,51075,Volatile Organic Compounds,CAP,121.3535396,TON
Off-Highway,Warren,51187,Volatile Organic Compounds,CAP,116.2671121,TON
Off-Highway,Lexington city,51678,Carbon Monoxide,CAP,114.9576903,TON
Off-Highway,Bland,51021,Carbon Monoxide,CAP,114.78524,TON
Off-Highway,Botetourt,51023,Volatile Organic Compounds,CAP,114.4129372,TON
Off-Highway,Harrisonburg city,51660,Volatile Organic Compounds,CAP,112.0068124,TON
Off-Highway,Caroline,51033,Volatile Organic Compounds,CAP,110.1635457,TON
Off-Highway,Emporia city,51595,Carbon Monoxide,CAP,107.4361901,TON
Off-Highway,Scott,51169,Nitrogen Oxides,CAP,106.2472051,TON
Off-Highway,Charles city,51036,Nitrogen Oxides,CAP,103.1769429,TON
Off-Highway,Chesapeake city,51550,PM10 Primary (Filt + Cond),CAP,102.7383019,TON
Off-Highway,Shenandoah,51171,Volatile Organic Compounds,CAP,102.6205632,TON
Off-Highway,Poquoson city,51735,Volatile Organic Compounds,CAP,100.9359353,TON
Off-Highway,Westmoreland,51193,Nitrogen Oxides,CAP,99.43830779,TON
Off-Highway,Frederick,51069,PM10 Primary (Filt + Cond),CAP,97.30555422,TON
Off-Highway,Chesapeake city,51550,PM2.5 Primary (Filt + Cond),CAP,97.12321229,TON
Off-Highway,Shenandoah,51171,Nitrogen Oxides,CAP,95.58336413,TON
Off-Highway,Virginia Beach city,51810,Sulfur Dioxide,CAP,95.41048782,TON
Off-Highway,Prince William,51153,PM10 Primary (Filt + Cond),CAP,95.04652089,TON
Off-Highway,Salem city,51775,Volatile Organic Compounds,CAP,94.27478912,TON
Off-Highway,Henry,51089,Volatile Organic Compounds,CAP,91.88819392,TON
Off-Highway,Harrisonburg city,51660,Nitrogen Oxides,CAP,90.96178273,TON
Off-Highway,Nelson,51125,Volatile Organic Compounds,CAP,90.57872119,TON
Off-Highway,Frederick,51069,PM2.5 Primary (Filt + Cond),CAP,90.47358142,TON
Off-Highway,Arlington,51013,PM10 Primary (Filt + Cond),CAP,89.8857424,TON
Off-Highway,Prince William,51153,PM2.5 Primary (Filt + Cond),CAP,89.64191148,TON
Off-Highway,Manassas city,51683,Nitrogen Oxides,CAP,88.68578544,TON
Off-Highway,Fairfax city,51600,Volatile Organic Compounds,CAP,86.67159108,TON
Off-Highway,Arlington,51013,PM2.5 Primary (Filt + Cond),CAP,86.49780667,TON
Off-Highway,King William,51101,Volatile Organic Compounds,CAP,85.20910544,TON
Off-Highway,Falls Church city,51610,Volatile Organic Compounds,CAP,82.17609208,TON
Off-Highway,Bristol city,51520,Nitrogen Oxides,CAP,80.87153211,TON
Off-Highway,Fredericksburg city,51630,Nitrogen Oxides,CAP,79.69303283,TON
Off-Highway,Powhatan,51145,Volatile Organic Compounds,CAP,78.1606194,TON
Off-Highway,Danville city,51590,Volatile Organic Compounds,CAP,77.76510206,TON
Off-Highway,Buena Vista city,51530,Carbon Monoxide,CAP,76.81050933,TON
Off-Highway,King and Queen,51097,Nitrogen Oxides,CAP,74.67131734,TON
Off-Highway,Wythe,51197,Volatile Organic Compounds,CAP,74.2469046,TON
Off-Highway,Fluvanna,51065,Volatile Organic Compounds,CAP,73.55383117,TON
Off-Highway,Powhatan,51145,Nitrogen Oxides,CAP,73.28550021,TON
Off-Highway,Hopewell city,51670,Nitrogen Oxides,CAP,73.2225929,TON
Off-Highway,Fairfax city,51600,Nitrogen Oxides,CAP,72.39357528,TON
Off-Highway,King George,51099,Volatile Organic Compounds,CAP,71.49183709,TON
Off-Highway,Henrico,51087,PM10 Primary (Filt + Cond),CAP,70.71313017,TON
Off-Highway,Chesterfield,51041,PM10 Primary (Filt + Cond),CAP,70.68628451,TON
Off-Highway,Essex,51057,Nitrogen Oxides,CAP,70.25370319,TON
Off-Highway,Clarke,51043,Volatile Organic Compounds,CAP,69.55175377,TON
Off-Highway,York,51199,PM10 Primary (Filt + Cond),CAP,68.20499656,TON
Off-Highway,Henrico,51087,PM2.5 Primary (Filt + Cond),CAP,67.1313066,TON
Off-Highway,Hanover,51085,PM10 Primary (Filt + Cond),CAP,66.90441087,TON
Off-Highway,Appomattox,51011,Volatile Organic Compounds,CAP,66.80334291,TON
Off-Highway,Chesterfield,51041,PM2.5 Primary (Filt + Cond),CAP,66.57735025,TON
Off-Highway,Highland,51091,Carbon Monoxide,CAP,66.37370252,TON
Off-Highway,Waynesboro city,51820,Nitrogen Oxides,CAP,66.13070079,TON
Off-Highway,Patrick,51141,Nitrogen Oxides,CAP,65.26056506,TON
Off-Highway,York,51199,PM2.5 Primary (Filt + Cond),CAP,64.93519826,TON
Off-Highway,Southampton,51175,Volatile Organic Compounds,CAP,64.84200707,TON
Off-Highway,Hanover,51085,PM2.5 Primary (Filt + Cond),CAP,62.65044526,TON
Off-Highway,Carroll,51035,Nitrogen Oxides,CAP,62.483164,TON
Off-Highway,Henrico,51087,Sulfur Dioxide,CAP,61.3740982,TON
Off-Highway,Richmond city,51760,PM10 Primary (Filt + Cond),CAP,60.59901108,TON
Off-Highway,Nottoway,51135,Volatile Organic Compounds,CAP,60.51069815,TON
Off-Highway,Amherst,51009,Volatile Organic Compounds,CAP,60.29756453,TON
Off-Highway,Patrick,51141,Volatile Organic Compounds,CAP,60.12515322,TON
Off-Highway,Bath,51017,Volatile Organic Compounds,CAP,60.04299902,TON
Off-Highway,Waynesboro city,51820,Volatile Organic Compounds,CAP,59.88824115,TON
Off-Highway,Amelia,51007,Volatile Organic Compounds,CAP,59.50907716,TON
Off-Highway,Richmond,51159,Nitrogen Oxides,CAP,59.17926269,TON
Off-Highway,Staunton city,51790,Volatile Organic Compounds,CAP,59.07018953,TON
Off-Highway,Manassas city,51683,Volatile Organic Compounds,CAP,58.1414301,TON
Off-Highway,Richmond city,51760,PM2.5 Primary (Filt + Cond),CAP,57.73237084,TON
Off-Highway,Buckingham,51029,Volatile Organic Compounds,CAP,57.33444859,TON
Off-Highway,Northampton,51131,PM10 Primary (Filt + Cond),CAP,57.10304635,TON
Off-Highway,Manassas Park city,51685,Volatile Organic Compounds,CAP,57.06284404,TON
Off-Highway,Wise,51195,Volatile Organic Compounds,CAP,56.67817412,TON
Off-Highway,Carroll,51035,Volatile Organic Compounds,CAP,56.3636526,TON
Off-Highway,Smyth,51173,Volatile Organic Compounds,CAP,56.10569851,TON
Off-Highway,Lunenburg,51111,Nitrogen Oxides,CAP,55.89408632,TON
Off-Highway,Tazewell,51185,Volatile Organic Compounds,CAP,53.866401,TON
Off-Highway,King William,51101,Nitrogen Oxides,CAP,53.43659292,TON
Off-Highway,Northampton,51131,Sulfur Dioxide,CAP,53.31943759,TON
Off-Highway,Grayson,51077,Volatile Organic Compounds,CAP,53.13301698,TON
Off-Highway,Northampton,51131,PM2.5 Primary (Filt + Cond),CAP,53.03387138,TON
Off-Highway,Orange,51137,Volatile Organic Compounds,CAP,50.64279326,TON
Off-Highway,Buckingham,51029,Nitrogen Oxides,CAP,50.41251811,TON
Off-Highway,Alleghany,51005,Volatile Organic Compounds,CAP,49.97517686,TON
Off-Highway,Manassas Park city,51685,Nitrogen Oxides,CAP,49.68989132,TON
Off-Highway,Winchester city,51840,Nitrogen Oxides,CAP,48.80213204,TON
Off-Highway,Radford city,51750,Nitrogen Oxides,CAP,48.69409083,TON
Off-Highway,Amelia,51007,Nitrogen Oxides,CAP,48.44036626,TON
Off-Highway,Madison,51113,Volatile Organic Compounds,CAP,48.34824155,TON
Off-Highway,Giles,51071,Volatile Organic Compounds,CAP,47.52681451,TON
Off-Highway,Hopewell city,51670,Volatile Organic Compounds,CAP,47.20804559,TON
Off-Highway,Accomack,51001,PM10 Primary (Filt + Cond),CAP,45.83754169,TON
Off-Highway,Dickenson,51051,Volatile Organic Compounds,CAP,45.5321682,TON
Off-Highway,Russell,51167,Volatile Organic Compounds,CAP,44.48109862,TON
Off-Highway,Williamsburg city,51830,Volatile Organic Compounds,CAP,43.78473205,TON
Off-Highway,Greensville,51081,Volatile Organic Compounds,CAP,43.61001264,TON
Off-Highway,Chesapeake city,51550,Sulfur Dioxide,CAP,43.4920239,TON
Off-Highway,Portsmouth city,51740,PM10 Primary (Filt + Cond),CAP,43.13221207,TON
Off-Highway,Brunswick,51025,Nitrogen Oxides,CAP,42.85786231,TON
Off-Highway,Accomack,51001,PM2.5 Primary (Filt + Cond),CAP,42.73409079,TON
Off-Highway,Emporia city,51595,Nitrogen Oxides,CAP,42.3742398,TON
Off-Highway,Scott,51169,Volatile Organic Compounds,CAP,41.55303914,TON
Off-Highway,Lee,51105,Nitrogen Oxides,CAP,41.41101619,TON
Off-Highway,Lee,51105,Volatile Organic Compounds,CAP,41.03052716,TON
Off-Highway,Bedford,51019,PM10 Primary (Filt + Cond),CAP,40.74859122,TON
Off-Highway,Portsmouth city,51740,PM2.5 Primary (Filt + Cond),CAP,40.7415581,TON
Off-Highway,Albemarle,51003,PM10 Primary (Filt + Cond),CAP,39.91527133,TON
Off-Highway,Hampton city,51650,PM10 Primary (Filt + Cond),CAP,39.17128255,TON
Off-Highway,Sussex,51183,Volatile Organic Compounds,CAP,38.62660114,TON
Off-Highway,Bedford,51019,PM2.5 Primary (Filt + Cond),CAP,38.61360636,TON
Off-Highway,Bath,51017,Nitrogen Oxides,CAP,38.258064,TON
Off-Highway,Fredericksburg city,51630,Volatile Organic Compounds,CAP,38.13959308,TON
Off-Highway,Staunton city,51790,Nitrogen Oxides,CAP,38.0866805,TON
Off-Highway,Martinsville city,51690,Nitrogen Oxides,CAP,38.0612798,TON
Off-Highway,Brunswick,51025,Volatile Organic Compounds,CAP,37.94658822,TON
Off-Highway,Buchanan,51027,Volatile Organic Compounds,CAP,37.92574297,TON
Off-Highway,Stafford,51179,PM10 Primary (Filt + Cond),CAP,37.80045741,TON
Off-Highway,Grayson,51077,Nitrogen Oxides,CAP,37.27763037,TON
Off-Highway,Hampton city,51650,PM2.5 Primary (Filt + Cond),CAP,37.25844194,TON
Off-Highway,Albemarle,51003,PM2.5 Primary (Filt + Cond),CAP,37.22010429,TON
Off-Highway,Greene,51079,Volatile Organic Compounds,CAP,36.68965494,TON
Off-Highway,Charlotte,51037,Volatile Organic Compounds,CAP,36.59991706,TON
Off-Highway,Stafford,51179,PM2.5 Primary (Filt + Cond),CAP,35.95042647,TON
Off-Highway,Madison,51113,Nitrogen Oxides,CAP,35.46230032,TON
Off-Highway,Prince Edward,51147,Volatile Organic Compounds,CAP,35.2041507,TON
Off-Highway,Rockingham,51165,PM10 Primary (Filt + Cond),CAP,34.95281109,TON
Off-Highway,Covington city,51580,Volatile Organic Compounds,CAP,34.92355433,TON
Off-Highway,Petersburg city,51730,Volatile Organic Compounds,CAP,34.37121298,TON
Off-Highway,Greene,51079,Nitrogen Oxides,CAP,34.20000186,TON
Off-Highway,Rockingham,51165,PM2.5 Primary (Filt + Cond),CAP,33.49852079,TON
Off-Highway,Campbell,51031,PM10 Primary (Filt + Cond),CAP,33.36218985,TON
Off-Highway,Portsmouth city,51740,Sulfur Dioxide,CAP,33.35885228,TON
Off-Highway,Williamsburg city,51830,Nitrogen Oxides,CAP,33.35022894,TON
Off-Highway,Alexandria city,51510,PM10 Primary (Filt + Cond),CAP,33.21546632,TON
Off-Highway,Floyd,51063,Nitrogen Oxides,CAP,32.99062042,TON
Off-Highway,Roanoke city,51770,PM10 Primary (Filt + Cond),CAP,32.97674642,TON
Off-Highway,Dickenson,51051,Nitrogen Oxides,CAP,32.83074147,TON
Off-Highway,James city,51095,PM10 Primary (Filt + Cond),CAP,32.81177999,TON
Off-Highway,Alexandria city,51510,PM2.5 Primary (Filt + Cond),CAP,31.54609712,TON
Off-Highway,Norton city,51720,Nitrogen Oxides,CAP,31.41284978,TON
Off-Highway,Roanoke city,51770,PM2.5 Primary (Filt + Cond),CAP,31.35133898,TON
Off-Highway,James city,51095,PM2.5 Primary (Filt + Cond),CAP,30.98594914,TON
Off-Highway,Winchester city,51840,Volatile Organic Compounds,CAP,30.78079671,TON
Off-Highway,Campbell,51031,PM2.5 Primary (Filt + Cond),CAP,30.58935911,TON
Off-Highway,Bristol city,51520,Volatile Organic Compounds,CAP,30.00767521,TON
Off-Highway,Lynchburg city,51680,PM10 Primary (Filt + Cond),CAP,29.5565607,TON
Off-Highway,Montgomery,51121,PM10 Primary (Filt + Cond),CAP,29.48379383,TON
Off-Highway,Suffolk city,51800,PM10 Primary (Filt + Cond),CAP,28.94641698,TON
Off-Highway,Lynchburg city,51680,PM2.5 Primary (Filt + Cond),CAP,28.363103,TON
Off-Highway,Mecklenburg,51117,PM10 Primary (Filt + Cond),CAP,28.29157749,TON
Off-Highway,Montgomery,51121,PM2.5 Primary (Filt + Cond),CAP,27.93861803,TON
Off-Highway,Pittsylvania,51143,PM10 Primary (Filt + Cond),CAP,27.69319852,TON
Off-Highway,Suffolk city,51800,PM2.5 Primary (Filt + Cond),CAP,27.2400993,TON
Off-Highway,Fauquier,51061,PM10 Primary (Filt + Cond),CAP,27.0412202,TON
Off-Highway,Augusta,51015,PM10 Primary (Filt + Cond),CAP,26.77381458,TON
Off-Highway,Pittsylvania,51143,PM2.5 Primary (Filt + Cond),CAP,26.60316868,TON
Off-Highway,Mecklenburg,51117,PM2.5 Primary (Filt + Cond),CAP,26.26730702,TON
Off-Highway,Augusta,51015,PM2.5 Primary (Filt + Cond),CAP,25.29004096,TON
Off-Highway,Fauquier,51061,PM2.5 Primary (Filt + Cond),CAP,25.04977987,TON
Off-Highway,Lunenburg,51111,Volatile Organic Compounds,CAP,24.7902149,TON
Off-Highway,Galax city,51640,Nitrogen Oxides,CAP,24.54287755,TON
Off-Highway,Colonial Heights city,51570,Nitrogen Oxides,CAP,24.07557467,TON
Off-Highway,Martinsville city,51690,Volatile Organic Compounds,CAP,23.0240815,TON
Off-Highway,Dinwiddie,51053,PM10 Primary (Filt + Cond),CAP,22.55754744,TON
Off-Highway,Hampton city,51650,Sulfur Dioxide,CAP,22.30941846,TON
Off-Highway,Culpeper,51047,PM10 Primary (Filt + Cond),CAP,22.0686388,TON
Off-Highway,Spotsylvania,51177,PM10 Primary (Filt + Cond),CAP,22.02721976,TON
Off-Highway,Radford city,51750,Volatile Organic Compounds,CAP,21.42556499,TON
Off-Highway,Dinwiddie,51053,PM2.5 Primary (Filt + Cond),CAP,21.3320434,TON
Off-Highway,Colonial Heights city,51570,Volatile Organic Compounds,CAP,20.97663481,TON
Off-Highway,Cumberland,51049,Volatile Organic Compounds,CAP,20.96556343,TON
Off-Highway,Cumberland,51049,Nitrogen Oxides,CAP,20.68693821,TON
Off-Highway,Spotsylvania,51177,PM2.5 Primary (Filt + Cond),CAP,20.61156371,TON
Off-Highway,Culpeper,51047,PM2.5 Primary (Filt + Cond),CAP,20.34113902,TON
Off-Highway,Accomack,51001,Sulfur Dioxide,CAP,19.72949358,TON
Off-Highway,Falls Church city,51610,PM10 Primary (Filt + Cond),CAP,19.49341981,TON
Off-Highway,Rappahannock,51157,Nitrogen Oxides,CAP,19.02543335,TON
Off-Highway,Botetourt,51023,PM10 Primary (Filt + Cond),CAP,18.97869058,TON
Off-Highway,Falls Church city,51610,PM2.5 Primary (Filt + Cond),CAP,18.6562185,TON
Off-Highway,Craig,51045,Volatile Organic Compounds,CAP,18.49914336,TON
Off-Highway,Roanoke,51161,PM10 Primary (Filt + Cond),CAP,18.46339266,TON
Off-Highway,Botetourt,51023,PM2.5 Primary (Filt + Cond),CAP,18.17853041,TON
Off-Highway,Floyd,51063,Volatile Organic Compounds,CAP,18.13229989,TON
Off-Highway,Roanoke,51161,PM2.5 Primary (Filt + Cond),CAP,17.61527007,TON
Off-Highway,Page,51139,PM10 Primary (Filt + Cond),CAP,17.13502831,TON
Off-Highway,Franklin,51067,PM10 Primary (Filt + Cond),CAP,16.80267707,TON
Off-Highway,Buena Vista city,51530,Nitrogen Oxides,CAP,16.23079413,TON
Off-Highway,Page,51139,PM2.5 Primary (Filt + Cond),CAP,16.12656743,TON
Off-Highway,Goochland,51075,PM10 Primary (Filt + Cond),CAP,16.12043817,TON
Off-Highway,Franklin,51067,PM2.5 Primary (Filt + Cond),CAP,15.9427612,TON
Off-Highway,Covington city,51580,PM10 Primary (Filt + Cond),CAP,15.69954957,TON
Off-Highway,Goochland,51075,PM2.5 Primary (Filt + Cond),CAP,15.41615528,TON
Off-Highway,Covington city,51580,PM2.5 Primary (Filt + Cond),CAP,15.17384948,TON
Off-Highway,Gloucester,51073,PM10 Primary (Filt + Cond),CAP,15.15102845,TON
Off-Highway,Washington,51191,PM10 Primary (Filt + Cond),CAP,14.97230781,TON
Off-Highway,Isle of Wight,51093,PM10 Primary (Filt + Cond),CAP,14.94895658,TON
Off-Highway,Highland,51091,Nitrogen Oxides,CAP,14.91726472,TON
Off-Highway,Charlottesville city,51540,PM10 Primary (Filt + Cond),CAP,14.73580616,TON
Off-Highway,Gloucester,51073,PM2.5 Primary (Filt + Cond),CAP,14.28555389,TON
Off-Highway,Salem city,51775,PM10 Primary (Filt + Cond),CAP,14.19587191,TON
Off-Highway,Isle of Wight,51093,PM2.5 Primary (Filt + Cond),CAP,14.15049455,TON
Off-Highway,Pulaski,51155,PM10 Primary (Filt + Cond),CAP,14.14746427,TON
Off-Highway,Galax city,51640,Volatile Organic Compounds,CAP,14.09479236,TON
Off-Highway,Charlottesville city,51540,PM2.5 Primary (Filt + Cond),CAP,14.04665495,TON
Off-Highway,Halifax,51083,PM10 Primary (Filt + Cond),CAP,14.02803304,TON
Off-Highway,Washington,51191,PM2.5 Primary (Filt + Cond),CAP,13.96572126,TON
Off-Highway,Louisa,51109,PM10 Primary (Filt + Cond),CAP,13.62303702,TON
Off-Highway,Manassas city,51683,PM10 Primary (Filt + Cond),CAP,13.57823088,TON
Off-Highway,Salem city,51775,PM2.5 Primary (Filt + Cond),CAP,13.51613111,TON
Off-Highway,Albemarle,51003,Sulfur Dioxide,CAP,13.50037269,TON
Off-Highway,Rappahannock,51157,Volatile Organic Compounds,CAP,13.49246372,TON
Off-Highway,Pulaski,51155,PM2.5 Primary (Filt + Cond),CAP,13.41041677,TON
Off-Highway,Halifax,51083,PM2.5 Primary (Filt + Cond),CAP,13.31021553,TON
Off-Highway,Caroline,51033,PM10 Primary (Filt + Cond),CAP,12.87104434,TON
Off-Highway,Roanoke city,51770,Sulfur Dioxide,CAP,12.86833333,TON
Off-Highway,Henry,51089,PM10 Primary (Filt + Cond),CAP,12.86404415,TON
Off-Highway,Louisa,51109,PM2.5 Primary (Filt + Cond),CAP,12.67675901,TON
Off-Highway,Bland,51021,Nitrogen Oxides,CAP,12.38378713,TON
Off-Highway,Caroline,51033,PM2.5 Primary (Filt + Cond),CAP,12.36570382,TON
Off-Highway,Nelson,51125,PM10 Primary (Filt + Cond),CAP,12.33374982,TON
Off-Highway,Franklin city,51620,Nitrogen Oxides,CAP,12.25219887,TON
Off-Highway,Manassas city,51683,PM2.5 Primary (Filt + Cond),CAP,12.13477588,TON
Off-Highway,Rockbridge,51163,PM10 Primary (Filt + Cond),CAP,12.12526291,TON
Off-Highway,Henry,51089,PM2.5 Primary (Filt + Cond),CAP,11.9985029,TON
Off-Highway,Wise,51195,PM10 Primary (Filt + Cond),CAP,11.98405495,TON
Off-Highway,Giles,51071,PM10 Primary (Filt + Cond),CAP,11.88060827,TON
Off-Highway,Nelson,51125,PM2.5 Primary (Filt + Cond),CAP,11.73098288,TON
Off-Highway,Danville city,51590,PM10 Primary (Filt + Cond),CAP,11.62342804,TON
Off-Highway,Rockbridge,51163,PM2.5 Primary (Filt + Cond),CAP,11.57481728,TON
Off-Highway,Giles,51071,PM2.5 Primary (Filt + Cond),CAP,11.49096814,TON
Off-Highway,Wise,51195,PM2.5 Primary (Filt + Cond),CAP,11.42505543,TON
Off-Highway,Fairfax city,51600,PM10 Primary (Filt + Cond),CAP,11.05458688,TON
Off-Highway,Shenandoah,51171,PM10 Primary (Filt + Cond),CAP,11.00558108,TON
Off-Highway,Danville city,51590,PM2.5 Primary (Filt + Cond),CAP,10.88390176,TON
Off-Highway,Sussex,51183,PM10 Primary (Filt + Cond),CAP,10.81156635,TON
Off-Highway,Warren,51187,PM10 Primary (Filt + Cond),CAP,10.66590983,TON
Off-Highway,Harrisonburg city,51660,PM10 Primary (Filt + Cond),CAP,10.54843725,TON
Off-Highway,Northumberland,51133,PM10 Primary (Filt + Cond),CAP,10.52872395,TON
Off-Highway,Fairfax city,51600,PM2.5 Primary (Filt + Cond),CAP,10.40600959,TON
Off-Highway,Prince George,51149,PM10 Primary (Filt + Cond),CAP,10.39579781,TON
Off-Highway,Nottoway,51135,PM10 Primary (Filt + Cond),CAP,10.37268057,TON
Off-Highway,Appomattox,51011,PM10 Primary (Filt + Cond),CAP,10.35556687,TON
Off-Highway,Shenandoah,51171,PM2.5 Primary (Filt + Cond),CAP,10.27715021,TON
Off-Highway,Sussex,51183,PM2.5 Primary (Filt + Cond),CAP,10.24112799,TON
Off-Highway,Orange,51137,PM10 Primary (Filt + Cond),CAP,10.07420662,TON
Off-Highway,Harrisonburg city,51660,PM2.5 Primary (Filt + Cond),CAP,10.00472574,TON
Off-Highway,Buchanan,51027,PM10 Primary (Filt + Cond),CAP,9.969393783,TON
Off-Highway,Warren,51187,PM2.5 Primary (Filt + Cond),CAP,9.964999232,TON
Off-Highway,Nottoway,51135,PM2.5 Primary (Filt + Cond),CAP,9.933273612,TON
Off-Highway,Appomattox,51011,PM2.5 Primary (Filt + Cond),CAP,9.932066601,TON
Off-Highway,Northumberland,51133,PM2.5 Primary (Filt + Cond),CAP,9.919579252,TON
Off-Highway,Stafford,51179,Sulfur Dioxide,CAP,9.905483083,TON
Off-Highway,Prince George,51149,PM2.5 Primary (Filt + Cond),CAP,9.889348254,TON
Off-Highway,New Kent,51127,PM10 Primary (Filt + Cond),CAP,9.83660999,TON
Off-Highway,Franklin city,51620,Volatile Organic Compounds,CAP,9.734074157,TON
Off-Highway,Southampton,51175,PM10 Primary (Filt + Cond),CAP,9.731014301,TON
Off-Highway,Clarke,51043,PM10 Primary (Filt + Cond),CAP,9.71443472,TON
Off-Highway,Craig,51045,Nitrogen Oxides,CAP,9.608357286,TON
Off-Highway,Buchanan,51027,PM2.5 Primary (Filt + Cond),CAP,9.561559641,TON
Off-Highway,Mathews,51115,PM10 Primary (Filt + Cond),CAP,9.510405428,TON
Off-Highway,Orange,51137,PM2.5 Primary (Filt + Cond),CAP,9.473195405,TON
Off-Highway,Tazewell,51185,PM10 Primary (Filt + Cond),CAP,9.468529727,TON
Off-Highway,Powhatan,51145,PM10 Primary (Filt + Cond),CAP,9.36257015,TON
Off-Highway,Southampton,51175,PM2.5 Primary (Filt + Cond),CAP,9.341074705,TON
Off-Highway,Wythe,51197,PM10 Primary (Filt + Cond),CAP,9.304211593,TON
Off-Highway,Clarke,51043,PM2.5 Primary (Filt + Cond),CAP,9.268886086,TON
Off-Highway,New Kent,51127,PM2.5 Primary (Filt + Cond),CAP,9.240884887,TON
Off-Highway,Amherst,51009,PM10 Primary (Filt + Cond),CAP,9.073359675,TON
Off-Highway,Tazewell,51185,PM2.5 Primary (Filt + Cond),CAP,9.039266899,TON
Off-Highway,Mathews,51115,PM2.5 Primary (Filt + Cond),CAP,9.033123102,TON
Off-Highway,Wythe,51197,PM2.5 Primary (Filt + Cond),CAP,8.914186766,TON
Off-Highway,Smyth,51173,PM10 Primary (Filt + Cond),CAP,8.874082302,TON
Off-Highway,Powhatan,51145,PM2.5 Primary (Filt + Cond),CAP,8.864134362,TON
Off-Highway,Norton city,51720,Volatile Organic Compounds,CAP,8.815322953,TON
Off-Highway,Dinwiddie,51053,Sulfur Dioxide,CAP,8.811833125,TON
Off-Highway,Amherst,51009,PM2.5 Primary (Filt + Cond),CAP,8.721798473,TON
Off-Highway,Surry,51181,PM10 Primary (Filt + Cond),CAP,8.665227615,TON
Off-Highway,Prince Edward,51147,PM10 Primary (Filt + Cond),CAP,8.659905783,TON
Off-Highway,Alleghany,51005,PM10 Primary (Filt + Cond),CAP,8.587984145,TON
Off-Highway,Fluvanna,51065,PM10 Primary (Filt + Cond),CAP,8.552289961,TON
Off-Highway,Smyth,51173,PM2.5 Primary (Filt + Cond),CAP,8.405450551,TON
Off-Highway,Lexington city,51678,Nitrogen Oxides,CAP,8.397280652,TON
Off-Highway,Prince Edward,51147,PM2.5 Primary (Filt + Cond),CAP,8.343970017,TON
Off-Highway,Surry,51181,PM2.5 Primary (Filt + Cond),CAP,8.2711613,TON
Off-Highway,Alleghany,51005,PM2.5 Primary (Filt + Cond),CAP,8.259446398,TON
Off-Highway,Fairfax,51059,Sulfur Dioxide,CAP,8.215359841,TON
Off-Highway,Fluvanna,51065,PM2.5 Primary (Filt + Cond),CAP,8.158315414,TON
Off-Highway,Lancaster,51103,PM10 Primary (Filt + Cond),CAP,8.103896471,TON
Off-Highway,Hopewell city,51670,PM10 Primary (Filt + Cond),CAP,7.907976029,TON
Off-Highway,King and Queen,51097,PM10 Primary (Filt + Cond),CAP,7.855602223,TON
Off-Highway,Lancaster,51103,PM2.5 Primary (Filt + Cond),CAP,7.599513667,TON
Off-Highway,Hopewell city,51670,PM2.5 Primary (Filt + Cond),CAP,7.529843862,TON
Off-Highway,Westmoreland,51193,PM10 Primary (Filt + Cond),CAP,7.433274182,TON
Off-Highway,Manassas Park city,51685,PM10 Primary (Filt + Cond),CAP,7.323808023,TON
Off-Highway,King and Queen,51097,PM2.5 Primary (Filt + Cond),CAP,7.289113018,TON
Off-Highway,Westmoreland,51193,PM2.5 Primary (Filt + Cond),CAP,7.030321142,TON
Off-Highway,Russell,51167,PM10 Primary (Filt + Cond),CAP,6.919680505,TON
Off-Highway,Manassas Park city,51685,PM2.5 Primary (Filt + Cond),CAP,6.907275433,TON
Off-Highway,Carroll,51035,PM10 Primary (Filt + Cond),CAP,6.862841306,TON
Off-Highway,Fredericksburg city,51630,PM10 Primary (Filt + Cond),CAP,6.841330656,TON
Off-Highway,Middlesex,51119,PM10 Primary (Filt + Cond),CAP,6.73714931,TON
Off-Highway,Patrick,51141,PM10 Primary (Filt + Cond),CAP,6.651305433,TON
Off-Highway,Russell,51167,PM2.5 Primary (Filt + Cond),CAP,6.645437246,TON
Off-Highway,Poquoson city,51735,PM10 Primary (Filt + Cond),CAP,6.602341473,TON
Off-Highway,Fredericksburg city,51630,PM2.5 Primary (Filt + Cond),CAP,6.53248638,TON
Off-Highway,King George,51099,PM10 Primary (Filt + Cond),CAP,6.524689363,TON
Off-Highway,Carroll,51035,PM2.5 Primary (Filt + Cond),CAP,6.450797851,TON
Off-Highway,Emporia city,51595,Volatile Organic Compounds,CAP,6.422536002,TON
Off-Highway,Greensville,51081,PM10 Primary (Filt + Cond),CAP,6.392128444,TON
Off-Highway,Patrick,51141,PM2.5 Primary (Filt + Cond),CAP,6.338562798,TON
Off-Highway,Charlotte,51037,PM10 Primary (Filt + Cond),CAP,6.282024478,TON
Off-Highway,Middlesex,51119,PM2.5 Primary (Filt + Cond),CAP,6.264081931,TON
Off-Highway,King George,51099,PM2.5 Primary (Filt + Cond),CAP,6.245614133,TON
Off-Highway,Bland,51021,Volatile Organic Compounds,CAP,6.185471987,TON
Off-Highway,Poquoson city,51735,PM2.5 Primary (Filt + Cond),CAP,6.170721334,TON
Off-Highway,Waynesboro city,51820,PM10 Primary (Filt + Cond),CAP,6.160500752,TON
Off-Highway,Greensville,51081,PM2.5 Primary (Filt + Cond),CAP,6.121034334,TON
Off-Highway,Charlotte,51037,PM2.5 Primary (Filt + Cond),CAP,6.032152035,TON
Off-Highway,Waynesboro city,51820,PM2.5 Primary (Filt + Cond),CAP,5.825896761,TON
Off-Highway,Amelia,51007,PM10 Primary (Filt + Cond),CAP,5.683798087,TON
Off-Highway,Scott,51169,PM10 Primary (Filt + Cond),CAP,5.659218908,TON
Off-Highway,Buckingham,51029,PM10 Primary (Filt + Cond),CAP,5.619588958,TON
Off-Highway,Petersburg city,51730,PM10 Primary (Filt + Cond),CAP,5.590237633,TON
Off-Highway,Lexington city,51678,Volatile Organic Compounds,CAP,5.585899795,TON
Off-Highway,Scott,51169,PM2.5 Primary (Filt + Cond),CAP,5.422594461,TON
Off-Highway,Petersburg city,51730,PM2.5 Primary (Filt + Cond),CAP,5.370621594,TON
Off-Highway,Amelia,51007,PM2.5 Primary (Filt + Cond),CAP,5.364307286,TON
Off-Highway,Fairfax,51059,Ammonia,CAP,5.359215823,TON
Off-Highway,Buckingham,51029,PM2.5 Primary (Filt + Cond),CAP,5.297342924,TON
Off-Highway,Essex,51057,PM10 Primary (Filt + Cond),CAP,5.190060276,TON
Off-Highway,Charles city,51036,PM10 Primary (Filt + Cond),CAP,5.148230224,TON
Off-Highway,Lee,51105,PM10 Primary (Filt + Cond),CAP,5.145281381,TON
Off-Highway,Lunenburg,51111,PM10 Primary (Filt + Cond),CAP,5.082752503,TON
Off-Highway,Staunton city,51790,PM10 Primary (Filt + Cond),CAP,4.896547958,TON
Off-Highway,Lunenburg,51111,PM2.5 Primary (Filt + Cond),CAP,4.872405965,TON
Off-Highway,Charles city,51036,PM2.5 Primary (Filt + Cond),CAP,4.866091028,TON
Off-Highway,Essex,51057,PM2.5 Primary (Filt + Cond),CAP,4.845419102,TON
Off-Highway,Lee,51105,PM2.5 Primary (Filt + Cond),CAP,4.785983021,TON
Off-Highway,Staunton city,51790,PM2.5 Primary (Filt + Cond),CAP,4.597912736,TON
Off-Highway,Highland,51091,Volatile Organic Compounds,CAP,4.580502433,TON
Off-Highway,Bristol city,51520,PM10 Primary (Filt + Cond),CAP,4.550982606,TON
Off-Highway,Richmond,51159,PM10 Primary (Filt + Cond),CAP,4.519877815,TON
Off-Highway,Buena Vista city,51530,Volatile Organic Compounds,CAP,4.449748576,TON
Off-Highway,Bristol city,51520,PM2.5 Primary (Filt + Cond),CAP,4.377906091,TON
Off-Highway,Greene,51079,PM10 Primary (Filt + Cond),CAP,4.370314219,TON
Off-Highway,Campbell,51031,Sulfur Dioxide,CAP,4.35434852,TON
Off-Highway,King William,51101,PM10 Primary (Filt + Cond),CAP,4.337003998,TON
Off-Highway,Madison,51113,PM10 Primary (Filt + Cond),CAP,4.242549224,TON
Off-Highway,Richmond,51159,PM2.5 Primary (Filt + Cond),CAP,4.235800296,TON
Off-Highway,Greene,51079,PM2.5 Primary (Filt + Cond),CAP,4.134285056,TON
Off-Highway,King William,51101,PM2.5 Primary (Filt + Cond),CAP,4.102560614,TON
Off-Highway,Bath,51017,PM10 Primary (Filt + Cond),CAP,4.08261968,TON
Off-Highway,Williamsburg city,51830,PM10 Primary (Filt + Cond),CAP,4.035805793,TON
Off-Highway,Madison,51113,PM2.5 Primary (Filt + Cond),CAP,4.027848667,TON
Off-Highway,Brunswick,51025,PM10 Primary (Filt + Cond),CAP,3.964610841,TON
Off-Highway,Radford city,51750,PM10 Primary (Filt + Cond),CAP,3.938913705,TON
Off-Highway,York,51199,Sulfur Dioxide,CAP,3.926421506,TON
Off-Highway,Grayson,51077,PM10 Primary (Filt + Cond),CAP,3.830237043,TON
Off-Highway,Winchester city,51840,PM10 Primary (Filt + Cond),CAP,3.822876471,TON
Off-Highway,Williamsburg city,51830,PM2.5 Primary (Filt + Cond),CAP,3.78697415,TON
Off-Highway,Radford city,51750,PM2.5 Primary (Filt + Cond),CAP,3.781417238,TON
Off-Highway,Brunswick,51025,PM2.5 Primary (Filt + Cond),CAP,3.757109255,TON
Off-Highway,Dickenson,51051,PM10 Primary (Filt + Cond),CAP,3.750786341,TON
Off-Highway,Bath,51017,PM2.5 Primary (Filt + Cond),CAP,3.736733731,TON
Off-Highway,Winchester city,51840,PM2.5 Primary (Filt + Cond),CAP,3.665658816,TON
Off-Highway,Grayson,51077,PM2.5 Primary (Filt + Cond),CAP,3.633729677,TON
Off-Highway,Dickenson,51051,PM2.5 Primary (Filt + Cond),CAP,3.564737757,TON
Off-Highway,King and Queen,51097,Sulfur Dioxide,CAP,3.377020655,TON
Off-Highway,Floyd,51063,PM10 Primary (Filt + Cond),CAP,3.302040899,TON
Off-Highway,Caroline,51033,Sulfur Dioxide,CAP,3.215965466,TON
Off-Highway,Poquoson city,51735,Sulfur Dioxide,CAP,3.168081152,TON
Off-Highway,Floyd,51063,PM2.5 Primary (Filt + Cond),CAP,3.157051298,TON
Off-Highway,Cumberland,51049,PM10 Primary (Filt + Cond),CAP,2.940599491,TON
Off-Highway,Culpeper,51047,Sulfur Dioxide,CAP,2.811430884,TON
Off-Highway,Prince William,51153,Sulfur Dioxide,CAP,2.797918995,TON
Off-Highway,Martinsville city,51690,PM10 Primary (Filt + Cond),CAP,2.780803404,TON
Off-Highway,Chesterfield,51041,Sulfur Dioxide,CAP,2.74417503,TON
Off-Highway,Isle of Wight,51093,Sulfur Dioxide,CAP,2.718783123,TON
Off-Highway,Norton city,51720,PM10 Primary (Filt + Cond),CAP,2.718093884,TON
Off-Highway,Virginia Beach city,51810,Ammonia,CAP,2.716230806,TON
Off-Highway,Martinsville city,51690,PM2.5 Primary (Filt + Cond),CAP,2.662821617,TON
Off-Highway,Cumberland,51049,PM2.5 Primary (Filt + Cond),CAP,2.624306212,TON
Off-Highway,Norton city,51720,PM2.5 Primary (Filt + Cond),CAP,2.620195887,TON
Off-Highway,Pulaski,51155,Sulfur Dioxide,CAP,2.47486011,TON
Off-Highway,Loudoun,51107,Ammonia,CAP,2.379855246,TON
Off-Highway,Colonial Heights city,51570,PM10 Primary (Filt + Cond),CAP,2.325312448,TON
Off-Highway,Colonial Heights city,51570,PM2.5 Primary (Filt + Cond),CAP,2.201802212,TON
Off-Highway,Galax city,51640,PM10 Primary (Filt + Cond),CAP,2.002764888,TON
Off-Highway,Rappahannock,51157,PM10 Primary (Filt + Cond),CAP,1.999736974,TON
Off-Highway,Norfolk city,51710,Ammonia,CAP,1.989892309,TON
Off-Highway,Galax city,51640,PM2.5 Primary (Filt + Cond),CAP,1.922188112,TON
Off-Highway,Hanover,51085,Sulfur Dioxide,CAP,1.91925484,TON
Off-Highway,Rappahannock,51157,PM2.5 Primary (Filt + Cond),CAP,1.909064119,TON
Off-Highway,Frederick,51069,Sulfur Dioxide,CAP,1.847406137,TON
Off-Highway,Nottoway,51135,Sulfur Dioxide,CAP,1.796300656,TON
Off-Highway,Manassas city,51683,Sulfur Dioxide,CAP,1.681227416,TON
Off-Highway,Emporia city,51595,PM10 Primary (Filt + Cond),CAP,1.673445037,TON
Off-Highway,Alexandria city,51510,Sulfur Dioxide,CAP,1.640377284,TON
Off-Highway,Emporia city,51595,PM2.5 Primary (Filt + Cond),CAP,1.618490489,TON
Off-Highway,Richmond city,51760,Sulfur Dioxide,CAP,1.557145059,TON
Off-Highway,Northampton,51131,Ammonia,CAP,1.45458152,TON
Off-Highway,Prince William,51153,Ammonia,CAP,1.454417204,TON
Off-Highway,Augusta,51015,Sulfur Dioxide,CAP,1.448086795,TON
Off-Highway,Bedford,51019,Sulfur Dioxide,CAP,1.439023493,TON
Off-Highway,Newport News city,51700,Ammonia,CAP,1.42832968,TON
Off-Highway,Chesapeake city,51550,Ammonia,CAP,1.399786562,TON
Off-Highway,Highland,51091,PM10 Primary (Filt + Cond),CAP,1.368905015,TON
Off-Highway,Accomack,51001,Ammonia,CAP,1.362240557,TON
Off-Highway,Spotsylvania,51177,Sulfur Dioxide,CAP,1.341295152,TON
Off-Highway,Highland,51091,PM2.5 Primary (Filt + Cond),CAP,1.316621976,TON
Off-Highway,James city,51095,Sulfur Dioxide,CAP,1.289259709,TON
Off-Highway,Craig,51045,PM10 Primary (Filt + Cond),CAP,1.289214322,TON
Off-Highway,Frederick,51069,Ammonia,CAP,1.282447827,TON
Off-Highway,Sussex,51183,Sulfur Dioxide,CAP,1.239134884,TON
Off-Highway,Craig,51045,PM2.5 Primary (Filt + Cond),CAP,1.216780704,TON
Off-Highway,Franklin city,51620,PM10 Primary (Filt + Cond),CAP,1.205881015,TON
Off-Highway,York,51199,Ammonia,CAP,1.200812994,TON
Off-Highway,Chesterfield,51041,Ammonia,CAP,1.170875363,TON
Off-Highway,Suffolk city,51800,Sulfur Dioxide,CAP,1.166782512,TON
Off-Highway,Franklin city,51620,PM2.5 Primary (Filt + Cond),CAP,1.142095021,TON
Off-Highway,Fauquier,51061,Sulfur Dioxide,CAP,1.109929431,TON
Off-Highway,Bland,51021,PM10 Primary (Filt + Cond),CAP,1.102872605,TON
Off-Highway,Richmond city,51760,Ammonia,CAP,1.059175843,TON
Off-Highway,Bland,51021,PM2.5 Primary (Filt + Cond),CAP,1.058977277,TON
Off-Highway,Henrico,51087,Ammonia,CAP,1.002846659,TON
Off-Highway,Bath,51017,Sulfur Dioxide,CAP,.9729420410012,TON
Off-Highway,Hanover,51085,Ammonia,CAP,.957462507711,TON
Off-Highway,Montgomery,51121,Sulfur Dioxide,CAP,.9040157087209,TON
Off-Highway,Mecklenburg,51117,Sulfur Dioxide,CAP,.88573670102094,TON
Off-Highway,Prince George,51149,Sulfur Dioxide,CAP,.8341950484549,TON
Off-Highway,Arlington,51013,Ammonia,CAP,.804478819004813,TON
Off-Highway,Portsmouth city,51740,Ammonia,CAP,.7950849619952,TON
Off-Highway,Lexington city,51678,PM10 Primary (Filt + Cond),CAP,.7819436511765,TON
Off-Highway,Rockingham,51165,Sulfur Dioxide,CAP,.7731721324192,TON
Off-Highway,Lynchburg city,51680,Sulfur Dioxide,CAP,.755349921447,TON
Off-Highway,Lexington city,51678,PM2.5 Primary (Filt + Cond),CAP,.7485578356765,TON
Off-Highway,Buena Vista city,51530,PM10 Primary (Filt + Cond),CAP,.743373276722,TON
Off-Highway,Bedford,51019,Ammonia,CAP,.733660406275,TON
Off-Highway,Buena Vista city,51530,PM2.5 Primary (Filt + Cond),CAP,.718214268322,TON
Off-Highway,Pittsylvania,51143,Sulfur Dioxide,CAP,.71418319077,TON
Off-Highway,Hampton city,51650,Ammonia,CAP,.6815454120871,TON
Off-Highway,Orange,51137,Sulfur Dioxide,CAP,.67932387340314,TON
Off-Highway,Louisa,51109,Sulfur Dioxide,CAP,.65606683244085,TON
Off-Highway,Washington,51191,Sulfur Dioxide,CAP,.6295042172599,TON
Off-Highway,Northumberland,51133,Sulfur Dioxide,CAP,.58132208460367,TON
Off-Highway,Henry,51089,Sulfur Dioxide,CAP,.5812891017288,TON
Off-Highway,James city,51095,Ammonia,CAP,.5626093866561,TON
Off-Highway,Rockingham,51165,Ammonia,CAP,.5546799554852,TON
Off-Highway,Stafford,51179,Ammonia,CAP,.5408072193282,TON
Off-Highway,Lynchburg city,51680,Ammonia,CAP,.5366858543921,TON
Off-Highway,Warren,51187,Sulfur Dioxide,CAP,.53561467462963,TON
Off-Highway,Alexandria city,51510,Ammonia,CAP,.533841205104,TON
Off-Highway,Roanoke city,51770,Ammonia,CAP,.5240684054921,TON
Off-Highway,Pittsylvania,51143,Ammonia,CAP,.5190303666261,TON
Off-Highway,Middlesex,51119,Sulfur Dioxide,CAP,.51797855329218,TON
Off-Highway,Montgomery,51121,Ammonia,CAP,.5142065289382,TON
Off-Highway,Albemarle,51003,Ammonia,CAP,.50483582809,TON
Off-Highway,Mecklenburg,51117,Ammonia,CAP,.498195029094,TON
Off-Highway,Gloucester,51073,Sulfur Dioxide,CAP,.49703839068767,TON
Off-Highway,Surry,51181,Sulfur Dioxide,CAP,.49584171778505,TON
Off-Highway,Essex,51057,Sulfur Dioxide,CAP,.49546959024663,TON
Off-Highway,Suffolk city,51800,Ammonia,CAP,.4916676102877,TON
Off-Highway,Greensville,51081,Sulfur Dioxide,CAP,.47578332252937,TON
Off-Highway,Danville city,51590,Sulfur Dioxide,CAP,.4604753494969,TON
Off-Highway,Mathews,51115,Sulfur Dioxide,CAP,.45747038149274,TON
Off-Highway,Shenandoah,51171,Sulfur Dioxide,CAP,.44698576862221,TON
Off-Highway,Campbell,51031,Ammonia,CAP,.445964819918,TON
Off-Highway,Cumberland,51049,Sulfur Dioxide,CAP,.44047417967855,TON
Off-Highway,Page,51139,Sulfur Dioxide,CAP,.4334513356868,TON
Off-Highway,Botetourt,51023,Sulfur Dioxide,CAP,.4283549880768,TON
Off-Highway,Augusta,51015,Ammonia,CAP,.4138978898982,TON
Off-Highway,Roanoke,51161,Sulfur Dioxide,CAP,.4130229637903,TON
Off-Highway,New Kent,51127,Sulfur Dioxide,CAP,.40462386932402,TON
Off-Highway,Nelson,51125,Sulfur Dioxide,CAP,.40350418568116,TON
Off-Highway,Franklin,51067,Sulfur Dioxide,CAP,.373664603611,TON
Off-Highway,Fauquier,51061,Ammonia,CAP,.368892279161,TON
Off-Highway,Smyth,51173,Sulfur Dioxide,CAP,.36834058108489,TON
Off-Highway,Amherst,51009,Sulfur Dioxide,CAP,.36820679529841,TON
Off-Highway,Fredericksburg city,51630,Sulfur Dioxide,CAP,.3679158071276,TON
Off-Highway,Botetourt,51023,Ammonia,CAP,.3674686031573,TON
Off-Highway,Spotsylvania,51177,Ammonia,CAP,.359106368188,TON
Off-Highway,Halifax,51083,Sulfur Dioxide,CAP,.3520112103653,TON
Off-Highway,Roanoke,51161,Ammonia,CAP,.3499823506302,TON
Off-Highway,Gloucester,51073,Ammonia,CAP,.3467870813931,TON
Off-Highway,Charlottesville city,51540,Sulfur Dioxide,CAP,.3358616587127,TON
Off-Highway,Tazewell,51185,Sulfur Dioxide,CAP,.33455266694659,TON
Off-Highway,Goochland,51075,Sulfur Dioxide,CAP,.3331611566204,TON
Off-Highway,Falls Church city,51610,Sulfur Dioxide,CAP,.3182511004852,TON
Off-Highway,Lancaster,51103,Sulfur Dioxide,CAP,.31800737907321,TON
Off-Highway,Franklin,51067,Ammonia,CAP,.3161968723425,TON
Off-Highway,Salem city,51775,Sulfur Dioxide,CAP,.3072467471786,TON
Off-Highway,Falls Church city,51610,Ammonia,CAP,.2975938019907,TON
Off-Highway,Goochland,51075,Ammonia,CAP,.2956702714769,TON
Off-Highway,Giles,51071,Sulfur Dioxide,CAP,.29320217922395,TON
Off-Highway,Covington city,51580,Sulfur Dioxide,CAP,.283087891199,TON
Off-Highway,Isle of Wight,51093,Ammonia,CAP,.2765601802153,TON
Off-Highway,Dinwiddie,51053,Ammonia,CAP,.2725852264811,TON
Off-Highway,Petersburg city,51730,Sulfur Dioxide,CAP,.27205809750293,TON
Off-Highway,Culpeper,51047,Ammonia,CAP,.270813996243,TON
Off-Highway,Mathews,51115,Ammonia,CAP,.26582382361782,TON
Off-Highway,Page,51139,Ammonia,CAP,.264786513409,TON
Off-Highway,Charles city,51036,Sulfur Dioxide,CAP,.26428165686972,TON
Off-Highway,Alleghany,51005,Sulfur Dioxide,CAP,.2619111074658,TON
Off-Highway,Covington city,51580,Ammonia,CAP,.260565635094,TON
Off-Highway,Rockbridge,51163,Sulfur Dioxide,CAP,.25924744671341,TON
Off-Highway,Northumberland,51133,Ammonia,CAP,.25802742719692,TON
Off-Highway,Halifax,51083,Ammonia,CAP,.2553849701048,TON
Off-Highway,Giles,51071,Ammonia,CAP,.252334757512,TON
Off-Highway,Salem city,51775,Ammonia,CAP,.2491283676123,TON
Off-Highway,Charlottesville city,51540,Ammonia,CAP,.2471380810921,TON
Off-Highway,Wise,51195,Sulfur Dioxide,CAP,.2425463455023,TON
Off-Highway,Southampton,51175,Sulfur Dioxide,CAP,.24057812402804,TON
Off-Highway,Pulaski,51155,Ammonia,CAP,.2397413208981,TON
Off-Highway,Washington,51191,Ammonia,CAP,.2353283774698,TON
Off-Highway,Harrisonburg city,51660,Sulfur Dioxide,CAP,.23235257987257,TON
Off-Highway,Prince George,51149,Ammonia,CAP,.22351381440701,TON
Off-Highway,Henry,51089,Ammonia,CAP,.2220721033868,TON
Off-Highway,Carroll,51035,Sulfur Dioxide,CAP,.21914594031369,TON
Off-Highway,Westmoreland,51193,Sulfur Dioxide,CAP,.21892651691187,TON
Off-Highway,Nelson,51125,Ammonia,CAP,.2175290474455,TON
Off-Highway,Rockbridge,51163,Ammonia,CAP,.21514068344962,TON
Off-Highway,Louisa,51109,Ammonia,CAP,.2108266552631,TON
Off-Highway,Danville city,51590,Ammonia,CAP,.2061908724921,TON
Off-Highway,Caroline,51033,Ammonia,CAP,.20618086000682,TON
Off-Highway,Appomattox,51011,Sulfur Dioxide,CAP,.20390966104349,TON
Off-Highway,Lancaster,51103,Ammonia,CAP,.2031243610331,TON
Off-Highway,Prince Edward,51147,Sulfur Dioxide,CAP,.19665163558368,TON
Off-Highway,Fairfax city,51600,Sulfur Dioxide,CAP,.195709593551,TON
Off-Highway,Clarke,51043,Sulfur Dioxide,CAP,.1930952448264,TON
Off-Highway,Wythe,51197,Sulfur Dioxide,CAP,.19251702873299,TON
Off-Highway,Sussex,51183,Ammonia,CAP,.191058127593,TON
Off-Highway,Amherst,51009,Ammonia,CAP,.18553592220562,TON
Off-Highway,Harrisonburg city,51660,Ammonia,CAP,.1853465645481,TON
Off-Highway,Surry,51181,Ammonia,CAP,.18515810029912,TON
Off-Highway,Appomattox,51011,Ammonia,CAP,.1831054966576,TON
Off-Highway,Southampton,51175,Ammonia,CAP,.1812954840327,TON
Off-Highway,Fluvanna,51065,Sulfur Dioxide,CAP,.17863399678413,TON
Off-Highway,Buchanan,51027,Sulfur Dioxide,CAP,.17831202378123,TON
Off-Highway,Nottoway,51135,Ammonia,CAP,.17740108663462,TON
Off-Highway,Alleghany,51005,Ammonia,CAP,.17638241208962,TON
Off-Highway,Warren,51187,Ammonia,CAP,.1755654927075,TON
Off-Highway,Tazewell,51185,Ammonia,CAP,.17550540851362,TON
Off-Highway,New Kent,51127,Ammonia,CAP,.1752071357857,TON
Off-Highway,Prince Edward,51147,Ammonia,CAP,.17201053639562,TON
Off-Highway,Fairfax city,51600,Ammonia,CAP,.168823405397,TON
Off-Highway,Clarke,51043,Ammonia,CAP,.167527002304,TON
Off-Highway,Wythe,51197,Ammonia,CAP,.16655817052762,TON
Off-Highway,King George,51099,Sulfur Dioxide,CAP,.166348921804666,TON
Off-Highway,Powhatan,51145,Sulfur Dioxide,CAP,.16330891431315,TON
Off-Highway,Staunton city,51790,Sulfur Dioxide,CAP,.1609155760305,TON
Off-Highway,Shenandoah,51171,Ammonia,CAP,.16014169052262,TON
Off-Highway,Brunswick,51025,Sulfur Dioxide,CAP,.15804757607293,TON
Off-Highway,Orange,51137,Ammonia,CAP,.157403318893,TON
Off-Highway,Fluvanna,51065,Ammonia,CAP,.1566394867392,TON
Off-Highway,Westmoreland,51193,Ammonia,CAP,.15577788581192,TON
Off-Highway,Middlesex,51119,Ammonia,CAP,.15464093559272,TON
Off-Highway,Russell,51167,Sulfur Dioxide,CAP,.15430084064492,TON
Off-Highway,Smyth,51173,Ammonia,CAP,.15429844422962,TON
Off-Highway,Hopewell city,51670,Sulfur Dioxide,CAP,.15359427868892,TON
Off-Highway,Wise,51195,Ammonia,CAP,.15205007454102,TON
Off-Highway,Emporia city,51595,Sulfur Dioxide,CAP,.146911270561508,TON
Off-Highway,Powhatan,51145,Ammonia,CAP,.1468819137284,TON
Off-Highway,Charlotte,51037,Sulfur Dioxide,CAP,.14191744916349,TON
Off-Highway,Waynesboro city,51820,Sulfur Dioxide,CAP,.14176391906604,TON
Off-Highway,Bristol city,51520,Sulfur Dioxide,CAP,.14082683598299,TON
Off-Highway,Manassas city,51683,Ammonia,CAP,.1401499080992,TON
Off-Highway,Poquoson city,51735,Ammonia,CAP,.13883632207738,TON
Off-Highway,Patrick,51141,Sulfur Dioxide,CAP,.1322920554971,TON
Off-Highway,Lee,51105,Sulfur Dioxide,CAP,.13184156260411,TON
Off-Highway,Russell,51167,Ammonia,CAP,.13106389244562,TON
Off-Highway,Williamsburg city,51830,Sulfur Dioxide,CAP,.13044574954858,TON
Off-Highway,Charles city,51036,Ammonia,CAP,.13014557236022,TON
Off-Highway,Hopewell city,51670,Ammonia,CAP,.1291514070669,TON
Off-Highway,King George,51099,Ammonia,CAP,.1276224228426,TON
Off-Highway,Buchanan,51027,Ammonia,CAP,.12710200315812,TON
Off-Highway,Scott,51169,Sulfur Dioxide,CAP,.12651240198542,TON
Off-Highway,Charlotte,51037,Ammonia,CAP,.12464469866162,TON
Off-Highway,Richmond,51159,Sulfur Dioxide,CAP,.12377001008557,TON
Off-Highway,Manassas Park city,51685,Sulfur Dioxide,CAP,.1223540024296,TON
Off-Highway,Winchester city,51840,Sulfur Dioxide,CAP,.11920874730427,TON
Off-Highway,Greensville,51081,Ammonia,CAP,.11754565415462,TON
Off-Highway,Petersburg city,51730,Ammonia,CAP,.11688940853112,TON
Off-Highway,Patrick,51141,Ammonia,CAP,.1148596009565,TON
Off-Highway,Essex,51057,Ammonia,CAP,.11412918705462,TON
Off-Highway,Fredericksburg city,51630,Ammonia,CAP,.1135339027276,TON
Off-Highway,Scott,51169,Ammonia,CAP,.11127808309012,TON
Off-Highway,King William,51101,Sulfur Dioxide,CAP,.1106625089027,TON
Off-Highway,Manassas Park city,51685,Ammonia,CAP,.1098318995524,TON
Off-Highway,Carroll,51035,Ammonia,CAP,.10960171584962,TON
Off-Highway,Waynesboro city,51820,Ammonia,CAP,.1065421548321,TON
Off-Highway,Richmond,51159,Ammonia,CAP,.10609373999582,TON
Off-Highway,Amelia,51007,Sulfur Dioxide,CAP,.10387637346375,TON
Off-Highway,Buckingham,51029,Sulfur Dioxide,CAP,.10288650871834,TON
Off-Highway,Bristol city,51520,Ammonia,CAP,.09688554948362,TON
Off-Highway,Lunenburg,51111,Sulfur Dioxide,CAP,.09655454578099,TON
Off-Highway,King William,51101,Ammonia,CAP,.0933780208545,TON
Off-Highway,King and Queen,51097,Ammonia,CAP,.0908253978053,TON
Off-Highway,Amelia,51007,Ammonia,CAP,.0901543413233,TON
Off-Highway,Buckingham,51029,Ammonia,CAP,.0900812791239,TON
Off-Highway,Martinsville city,51690,Sulfur Dioxide,CAP,.08787456595377,TON
Off-Highway,Lunenburg,51111,Ammonia,CAP,.08608919677762,TON
Off-Highway,Radford city,51750,Sulfur Dioxide,CAP,.08308150180354,TON
Off-Highway,Winchester city,51840,Ammonia,CAP,.08224691462362,TON
Off-Highway,Greene,51079,Sulfur Dioxide,CAP,.08217030713163,TON
Off-Highway,Staunton city,51790,Ammonia,CAP,.0789746661519,TON
Off-Highway,Lee,51105,Ammonia,CAP,.0782670977941,TON
Off-Highway,Grayson,51077,Sulfur Dioxide,CAP,.07818862241775,TON
Off-Highway,Brunswick,51025,Ammonia,CAP,.075985175654,TON
Off-Highway,Madison,51113,Sulfur Dioxide,CAP,.07181532453834,TON
Off-Highway,Greene,51079,Ammonia,CAP,.0703148553908,TON
Off-Highway,Radford city,51750,Ammonia,CAP,.07024966269162,TON
Off-Highway,Grayson,51077,Ammonia,CAP,.06773141962762,TON
Off-Highway,Galax city,51640,Sulfur Dioxide,CAP,.06492109339433,TON
Off-Highway,Madison,51113,Ammonia,CAP,.06420986057809,TON
Off-Highway,Martinsville city,51690,Ammonia,CAP,.06133198659862,TON
Off-Highway,Williamsburg city,51830,Ammonia,CAP,.061267197237,TON
Off-Highway,Floyd,51063,Sulfur Dioxide,CAP,.05967714330993,TON
Off-Highway,Dickenson,51051,Sulfur Dioxide,CAP,.058878649898934,TON
Off-Highway,Colonial Heights city,51570,Sulfur Dioxide,CAP,.05763563423451,TON
Off-Highway,Floyd,51063,Ammonia,CAP,.05388845697322,TON
Off-Highway,Norton city,51720,Sulfur Dioxide,CAP,.05324069465453,TON
Off-Highway,Dickenson,51051,Ammonia,CAP,.05207450029892,TON
Off-Highway,Bath,51017,Ammonia,CAP,.04860092988704,TON
Off-Highway,Norton city,51720,Ammonia,CAP,.0464580172982,TON
Off-Highway,Galax city,51640,Ammonia,CAP,.04338097909162,TON
Off-Highway,Colonial Heights city,51570,Ammonia,CAP,.0432060158125,TON
Off-Highway,Rappahannock,51157,Sulfur Dioxide,CAP,.03481147824844,TON
Off-Highway,Emporia city,51595,Ammonia,CAP,.034472068883,TON
Off-Highway,Rappahannock,51157,Ammonia,CAP,.03200212126432,TON
Off-Highway,Cumberland,51049,Ammonia,CAP,.03163779611612,TON
Off-Highway,Franklin city,51620,Sulfur Dioxide,CAP,.02586343741763,TON
Off-Highway,Buena Vista city,51530,Sulfur Dioxide,CAP,.02497624083906,TON
Off-Highway,Bland,51021,Sulfur Dioxide,CAP,.0242540181533,TON
Off-Highway,Highland,51091,Sulfur Dioxide,CAP,.0238155944661,TON
Off-Highway,Highland,51091,Ammonia,CAP,.0221878692059,TON
Off-Highway,Craig,51045,Sulfur Dioxide,CAP,.02157637019768,TON
Off-Highway,Franklin city,51620,Ammonia,CAP,.02127208737872,TON
Off-Highway,Bland,51021,Ammonia,CAP,.0209420087788,TON
Off-Highway,Lexington city,51678,Sulfur Dioxide,CAP,.01976609761525,TON
Off-Highway,Craig,51045,Ammonia,CAP,.01931365240136,TON
Off-Highway,Buena Vista city,51530,Ammonia,CAP,.017341682012,TON
Off-Highway,Lexington city,51678,Ammonia,CAP,.0160813874263,TON
